server-name,server-ip,username,full-name,contact,login-time
stone,201.23.18.80,davismelanie,Leon Green,+44(0)1300 995112,2017-06-19 13:37:16.606449
buckley,93.25.137.164,colinwatson,Ian Hughes,kerry78@carter-hunt.com,2017-06-19 13:37:16.606810
,108.81.77.236,xlee,Terry Wilson-Ryan,,2017-06-19
khan,159.247.234.107,marilyn21,Declan Jones,(01146) 79641,2017-06-19 13:37:16.606740
buckley,93.25.137.164,shirley91,Cameron Williams,elliot49@yahoo.com,17\06\19
,204.66.8.183,davismelanie,Leon Green,(09407) 73265,2017-06-19
,108.81.77.236,thomasjanet,Billy Gibbons,,2017-06-19 13:37:16.606969
,204.66.8.183,lydiarussell,Robin Jones,(04076) 88567,06\19\17
stone,201.23.18.80,gmartin,Beth Lowe,+44(0)309999337,2017-06-19 13:37:16.606422
wilkinson,3.234.158.137,tonypearson,Victoria Abbott-Bell,lloydbryan@wells.info,2017-06-19
rees,176.157.132.90,shirley91,Cameron Williams,+44(0)1572 77167,2017-06-19 13:37:16.606878
khan,159.247.234.107,tonypearson,Victoria Abbot t-Bell,+44(0)889312701,2017-06-19 13:37:16.606791
,201.23.18.80,xlee,Terry Wilson-Ryan,baldwinlisa@gmail.com,2017-06-19
,108.81.77.236,yhughes,Charlotte Stokes,(07988) 66183,2017-06-19
harris,204.66.8.183,hollowaysandra,Jodie Baldwin,+44(0)865667854,2017-06-19 13:37:16.606519
,159.247.234.107,hollowaysandra,Jodie Baldwin,,2017-06-19 13:37:16.606749
rees,176.157.132.90,clarkederek,Sian Wells,anna83@yahoo.com,19\17\06
khan,159.247.234.107,clarkederek,Sian Wells,+44(0)9156 795556,2017-06-19 13:37:16.606754
coleman,145.98.2.9,gmartin,Beth Lowe,+44(0)309999337,2017-06-19
khan,159.247.234.107,yhughes,Charlotte Stokes,+44(0)5249 64762,2017-06-19
harris,204.66.8.183,xlee,Terry Wilson-Ryan,baldwinlisa@gmail.com,2017-06-19 13:37:16.606493
fuller,108.81.77.236,ybrown,Cameron Yates,(04972) 67537,2017-06-19 13:37:16.606963
rees,176.157.132.90,davismelanie,Leon Green,+44(0)1300 995112,2017-06-19 13:37:16.606896
khan,159.247.234.107,debra06,Shane Turner,,2017-06-19 13:37:16.606759
mclean,179.75.211.186,debra06,Shane Turner,megan58@oconnor.com,2017-06-19 13:37:16.606721
rees,176.157.132.90,megan19,Miss Charlotte Jones,(08120) 072706,2017-06-19 13:37:16.606891
mclean,179.75.211.186,davismelanie,Leon Green,,17|06|19
fuller,108.81.77.236,ybrown,Cameron Yates,joannedavies@reed.com,2017-06-19 13:37:16.606963
wilkinson,3.234.158.137,clarkedean,Owen Hyde,annette39@brookes.com,2017-06-19 13:37:16.606583
stone,201.23.18.80,shirley91,Cameron Williams,elliot49@yahoo.com,2017-06-19 13:37:16.606440
stone,201.23.18.80,davismelanie,Leon Green,(09407) 73265,2017-06-19 13:37:16.606449
,108.81.77.236,dean30,Gerard Harris,,2017-06-19
,201.23.18.80,colinwatson,Ian Hughes,00804 25165,2017-06-19
rees,176.157.132.90,ybrown,Cameron Yates,joshphillips@hotmail.com,2017-06-19
,159.247.234.107,gmartin,Beth Lowe,+44(0)309999337,2017-06-19 13:37:16.606745
wilkinson,3.234.158.137,clarkedean,Owen Hyde,goughbethany@dawson.org,2017-06-19 13:37:16.606583
,176.157.132.90,lydiarussell,Robin Jones,uatkins@yahoo.com,17\06\19
wilkinson,3.234.158.137,tonypearson,Victoria Abbott-Bell,+44(0)889312701,2017-06-19
fuller,108.81.77.236,shirley91,Cameron Williams,boltonnicola@yahoo.com,2017-06-19 13:37:16.606942
,176.157.132.90,ybrown,Cameron Yates,joannedavies@reed.com,2017-06-19
stone,201.23.18.80,colinwatson,Ian Hughes,kerry78@carter-hunt.com,2017-06-19
wilkinson,3.234.158.137,dean30,Gerard Harris,,2017-06-19 13:37:16.606592
,176.157.132.90,shirley91,Cameron Williams,,2017-06-19 13:37:16.606878
buckley,93.25.137.164,garry33,Janet Nixon,+44(0)8281 83887,17/19/06
,3.234.158.137,megan19,Miss Charlotte Jones,judithmorrison@yahoo.com,2017-06-19 13:37:16.606606
harris,204.66.8.183,colinwatson,Ian Hughes,+44(0)2305046515,19\06\17
buckley,93.25.137.164,tonypearson,Victoria Abbott-Bell,01222845474,06/19/17
harris,204.66.8.183,clarkedean,Owen Hyde,,2017-06-19 13:37:16.606488
buckley,93.25.137.164,shirley91,Cameron Williams,+44(0)1572 77167,17\06\19
stone,201.23.18.80,lydiarussell,Robin Jones,0330884058,2017-06-19 13:37:16.606417
coleman,145.98.2.9,garry33,Janet Nixon,morrissophie@hotmail.com,2017-06-19 13:37:16.606631
rees,176.157.132.90,marilyn21,Declan Jones,,2017-06-19 13:37:16.606913
rees,176.157.132.90,davismelanie,Leon Green,(09407) 73265,2017-06-19 13:37:16.606896
mclean,179.75.211.186,dean30,Gerard Harris,03315 49083,2017-06-19 13:37:16.606708
khan,159.247.234.107,ybrown,Cameron Yates,joannedavies@reed.com,2017-06-19 13:37:16.606778
buckley,93.25.137.164,dean30,Gerard Harris,03315 49083,19|06|17
,108.81.77.236,parkerdennis,Dr. Lydia Campbell,+44(0)5248445502,2017-06-19 13:37:16.606950
fuller,108.81.77.236,parkerdennis,Dr. Lydia Campbell,+44(0)458639024,2017-06-19 13:37:16.606950
rees,176.157.132.90,garry33,Janet Nixon,+44(0)8281 83887,19\17\06
stone,201.23.18.80,shirley91,Cameron Williams,+44(0)1572 77167,2017-06-19 13:37:16.606440
khan,159.247.234.107,clarkederek,Sian Wells,anna83@yahoo.com,2017-06-19 13:37:16.606754
stone,201.23.18.80,yhughes,Charlotte Stokes,leahbooth@gmail.com,2017-06-19 13:37:16.606412
,179.75.211.186,clarkederek,Sian Wells,+44(0)9156 795556,06|19|17
fuller,108.81.77.236,hollowaysandra,Jodie Baldwin,warnermax@chapman.com,06\19\17
hunt,41.127.22.111,garry33,Janet Nixon,+44(0)618199509,2017-06-19 13:37:16.606841
khan,159.247.234.107,colinwatson,Ian Hughes,+44(0)2305046515,2017-06-19 13:37:16.606786
,201.23.18.80,ybrown,Cameron Yates,(04972) 67537,2017-06-19
harris,204.66.8.183,davismelanie,Leon Green,jessica52@gmail.com,2017-06-19
rees,176.157.132.90,garry33,Janet Nixon,+44(0)618199509,19\17\06
rees,176.157.132.90,megan19,Miss Charlotte Jones,judithmorrison@yahoo.com,2017-06-19 13:37:16.606891
wilkinson,3.234.158.137,davismelanie,Leon Green,jessica52@gmail.com,2017-06-19
,201.23.18.80,clarkederek,Sian Wells,+44(0)9156 795556,2017-06-19 13:37:16.606431
,176.157.132.90,ybrown,Cameron Yates,(04972) 67537,2017-06-19
rees,176.157.132.90,dean30,Gerard Harris,padams@bruce.com,2017-06-19 13:37:16.606904
harris,204.66.8.183,dean30,Gerard Harris,04805 56383,2017-06-19
coleman,145.98.2.9,garry33,Janet Nixon,+44(0)8281 83887,2017-06-19 13:37:16.606631
wilkinson,3.234.158.137,megan19,Miss Charlotte Jones,,2017-06-19 13:37:16.606606
rees,176.157.132.90,colinwatson,Ian Hughes,kerry78@carter-hunt.com,2017-06-19 13:37:16.606917
harris,204.66.8.183,parkerdennis,Dr. Lydia Campbell,,17|19|06
rees,176.157.132.90,yhughes,Charlotte Stokes,,2017-06-19 13:37:16.606887
,41.127.22.111,garry33,Janet Nixon,morrissophie@hotmail.com,2017-06-19 13:37:16.606841
rees,176.157.132.90,colinwatson,Ian Hughes,00804 25165,2017-06-19 13:37:16.606917
harris,204.66.8.183,clarkedean,Owen Hyde,goughbethany@dawson.org,2017-06-19 13:37:16.606488
stone,201.23.18.80,xlee,Terry Wilson-Ryan,+44(0)660401872,2017-06-19
coleman,145.98.2.9,yhughes,Charlotte Stokes,leahbooth@gmail.com,2017-06-19 13:37:16.606626
,176.157.132.90,clarkederek,Sian Wells,+44(0)7223 40849,19\17\06
mclean,179.75.211.186,thumphreys,Luke Simpson,(07633) 71798,2017-06-19 13:37:16.606650
stone,201.23.18.80,ybrown,Cameron Yates,,2017-06-19
harris,204.66.8.183,colinwatson,Ian Hughes,kerry78@carter-hunt.com,19\06\17
rees,176.157.132.90,dean30,Gerard Harris,04805 56383,2017-06-19 13:37:16.606904
harris,204.66.8.183,lydiarussell,Robin Jones,0330884058,06\19\17
fuller,108.81.77.236,tonypearson,Victoria Abbott-Bell,01222845474,19|17|06
rees,176.157.132.90,marilyn21,Declan Jones,,2017-06-19 13:37:16.606913
stone,201.23.18.80,hollowaysandra,Jodie Baldwin,darren21@yahoo.com,06\19\17
buckley,93.25.137.164,garry33,Janet Nixon,morrissophie@hotmail.com,17/19/06
hunt,41.127.22.111,megan19,Miss Charlotte Jones,judithmorrison@yahoo.com,2017-06-19 13:37:16.606846
fuller,108.81.77.236,thomasjanet,Billy Gibbons,+44(0)2063 11242,2017-06-19 13:37:16.606969
wilkinson,3.234.158.137,xlee,Terry Wilson-Ryan,,2017-06-19
harris,204.66.8.183,marilyn21,Declan Jones,aimeehooper@hotmail.com,2017-06-19 13:37:16.606502
stone,201.23.18.80,ybrown,Cameron Yates,,2017-06-19
,159.247.234.107,hollowaysandra,Jodie Baldwin,+44(0)865667854,2017-06-19 13:37:16.606749
khan,159.247.234.107,clarkedean,Owen Hyde,goughbethany@dawson.org,19\06\17
,204.66.8.183,lydiarussell,Robin Jones,uatkins@yahoo.com,06\19\17
harris,204.66.8.183,gmartin,Beth Lowe,06776562869,2017-06-19
,159.247.234.107,lydiarussell,Robin Jones,,2017-06-19 13:37:16.606782
rees,176.157.132.90,clarkedean,Owen Hyde,goughbethany@dawson.org,2017-06-19 13:37:16.606883
wilkinson,3.234.158.137,garry33,Janet Nixon,+44(0)8281 83887,2017-06-19 13:37:16.606588
fuller,108.81.77.236,thomasjanet,Billy Gibbons,02506 576765,2017-06-19 13:37:16.606969
harris,204.66.8.183,marilyn21,Declan Jones,(01146) 79641,2017-06-19 13:37:16.606502
rees,176.157.132.90,thomasjanet,Billy Gibbons,,17|19|06
,93.25.137.164,shirley91,Cameron Williams,boltonnicola@yahoo.com,17\06\19
coleman,145.98.2.9,garry33,Janet Nixon,,2017-06-19 13:37:16.606631
,159.247.234.107,colinwatson,Ian Hughes,,2017-06-19 13:37:16.606786
khan,159.247.234.107,dean30,Gerard Harris,04805 56383,2017-06-19 13:37:16.606769
stone,201.23.18.80,gmartin,Beth Lowe,06776562869,2017-06-19 13:37:16.606422
rees,176.157.132.90,thumphreys,Luke Simpson,+44(0)9180839840,19|06|17
fuller,108.81.77.236,xlee,Terry Wilson-Ryan,pamela62@begum.net,2017-06-19
harris,204.66.8.183,megan19,Miss Charlotte Jones,+44(0)3350 60711,2017-06-19
wilkinson,3.234.158.137,marilyn21,Declan Jones,patricia05@harris.net,2017-06-19 13:37:16.606574
harris,204.66.8.183,shirley91,Cameron Williams,boltonnicola@yahoo.com,17/06/19
wilkinson,3.234.158.137,parkerdennis,Dr. Lydia Campbell,+44(0)458639024,19/06/17
harris,204.66.8.183,dean30,Gerard Harris,padams@bruce.com,2017-06-19
rees,176.157.132.90,thomasjanet,Billy Gibbons,,17|19|06
wilkinson,3.234.158.137,marilyn21,Declan Jones,,2017-06-19 13:37:16.606574
harris,204.66.8.183,ybrown,Cameron Yates,,17/19/06
rees,176.157.132.90,lydiarussell,Robin Jones,0330884058,17\06\19
wilkinson,3.234.158.137,garry33,Janet Nixon,morrissophie@hotmail.com,2017-06-19 13:37:16.606588
fuller,108.81.77.236,hollowaysandra,Jodie Baldwin,,06\19\17
harris,204.66.8.183,thumphreys,Luke Simpson,+44(0)9180839840,2017-06-19 13:37:16.606473
stone,201.23.18.80,thumphreys,Luke Simpson,(07633) 71798,2017-06-19 13:37:16.606435
khan,159.247.234.107,lydiarussell,Robin Jones,uatkins@yahoo.com,2017-06-19 13:37:16.606782
buckley,93.25.137.164,thomasjanet,Billy Gibbons,04773 723350,2017-06-19 13:37:16.606822
,201.23.18.80,colinwatson,Ian Hughes,,2017-06-19
,159.247.234.107,lydiarussell,Robin Jones,(04076) 88567,2017-06-19 13:37:16.606782
rees,176.157.132.90,lydiarussell,Robin Jones,(04076) 88567,17\06\19
wilkinson,3.234.158.137,hollowaysandra,Jodie Baldwin,warnermax@chapman.com,2017-06-19
rees,176.157.132.90,clarkederek,Sian Wells,,19\17\06
rees,176.157.132.90,clarkedean,Owen Hyde,,2017-06-19 13:37:16.606883
stone,201.23.18.80,hollowaysandra,Jodie Baldwin,warnermax@chapman.com,06\19\17
mclean,179.75.211.186,clarkederek,Sian Wells,+44(0)7223 40849,06|19|17
,93.25.137.164,thomasjanet,Billy Gibbons,+44(0)2063 11242,2017-06-19 13:37:16.606822
wilkinson,3.234.158.137,clarkederek,Sian Wells,+44(0)7223 40849,17\19\06
stone,201.23.18.80,clarkederek,Sian Wells,anna83@yahoo.com,2017-06-19 13:37:16.606431
harris,204.66.8.183,clarkedean,Owen Hyde,,2017-06-19 13:37:16.606488
coleman,145.98.2.9,yhughes,Charlotte Stokes,,2017-06-19 13:37:16.606626
,204.66.8.183,xlee,Terry Wilson-Ryan,,2017-06-19 13:37:16.606493
coleman,145.98.2.9,gmartin,Beth Lowe,,2017-06-19
khan,159.247.234.107,ybrown,Cameron Yates,joshphillips@hotmail.com,2017-06-19 13:37:16.606778
fuller,108.81.77.236,parkerdennis,Dr. Lydia Campbell,hazelthompson@yahoo.com,2017-06-19 13:37:16.606950
rees,176.157.132.90,davismelanie,Leon Green,,2017-06-19 13:37:16.606896
fuller,108.81.77.236,dean30,Gerard Harris,padams@bruce.com,2017-06-19
wilkinson,3.234.158.137,parkerdennis,Dr. Lydia Campbell,hazelthompson@yahoo.com,19/06/17
mclean,179.75.211.186,xlee,Terry Wilson-Ryan,+44(0)660401872,2017-06-19 13:37:16.606717
stone,201.23.18.80,yhughes,Charlotte Stokes,(07988) 66183,2017-06-19 13:37:16.606412
fuller,108.81.77.236,megan19,Miss Charlotte Jones,+44(0)3350 60711,2017-06-19 13:37:16.606937
wilkinson,3.234.158.137,colinwatson,Ian Hughes,+44(0)2305046515,2017-06-19 13:37:16.606565
stone,201.23.18.80,gmartin,Beth Lowe,+44(0)731385383,2017-06-19 13:37:16.606422
khan,159.247.234.107,ybrown,Cameron Yates,(04972) 67537,2017-06-19 13:37:16.606778
mclean,179.75.211.186,debra06,Shane Turner,lucyholloway@bradley-robinson.com,2017-06-19 13:37:16.606721
fuller,108.81.77.236,dean30,Gerard Harris,03315 49083,2017-06-19
,204.66.8.183,xlee,Terry Wilson-Ryan,,2017-06-19 13:37:16.606493
wilkinson,3.234.158.137,marilyn21,Declan Jones,aimeehooper@hotmail.com,2017-06-19 13:37:16.606574
harris,204.66.8.183,hollowaysandra,Jodie Baldwin,warnermax@chapman.com,2017-06-19 13:37:16.606519
khan,159.247.234.107,marilyn21,Declan Jones,,2017-06-19 13:37:16.606740
wilkinson,3.234.158.137,xlee,Terry Wilson-Ryan,+44(0)660401872,2017-06-19
wilkinson,3.234.158.137,clarkederek,Sian Wells,+44(0)9156 795556,17\19\06
mclean,179.75.211.186,davismelanie,Leon Green,(09407) 73265,17|06|19
khan,159.247.234.107,yhughes,Charlotte Stokes,,2017-06-19
harris,204.66.8.183,dean30,Gerard Harris,03315 49083,2017-06-19
rees,176.157.132.90,clarkedean,Owen Hyde,georginaball@dyer.info,2017-06-19 13:37:16.606883
harris,204.66.8.183,debra06,Shane Turner,,2017-06-19
harris,204.66.8.183,thumphreys,Luke Simpson,05114 482161,2017-06-19 13:37:16.606473
,179.75.211.186,davismelanie,Leon Green,+44(0)1300 995112,17|06|19
fuller,108.81.77.236,xlee,Terry Wilson-Ryan,+44(0)660401872,2017-06-19
fuller,108.81.77.236,ybrown,Cameron Yates,joshphillips@hotmail.com,2017-06-19 13:37:16.606963
,204.66.8.183,ybrown,Cameron Yates,,17/19/06
harris,204.66.8.183,parkerdennis,Dr. Lydia Campbell,hazelthompson@yahoo.com,17|19|06
,176.157.132.90,dean30,Gerard Harris,03315 49083,2017-06-19 13:37:16.606904
mclean,179.75.211.186,thumphreys,Luke Simpson,05114 482161,2017-06-19 13:37:16.606650
wilkinson,3.234.158.137,hollowaysandra,Jodie Baldwin,,2017-06-19
mclean,179.75.211.186,dean30,Gerard Harris,04805 56383,2017-06-19 13:37:16.606708
mclean,179.75.211.186,thumphreys,Luke Simpson,+44(0)9180839840,2017-06-19 13:37:16.606650
rees,176.157.132.90,marilyn21,Declan Jones,aimeehooper@hotmail.com,2017-06-19 13:37:16.606913
wilkinson,3.234.158.137,hollowaysandra,Jodie Baldwin,darren21@yahoo.com,2017-06-19
wilkinson,3.234.158.137,clarkedean,Owen Hyde,georginaball@dyer.info,2017-06-19 13:37:16.606583
rees,176.157.132.90,garry33,Janet Nixon,,19\17\06
buckley,93.25.137.164,tonypearson,Victoria Abbott-Bell,lloydbryan@wells.info,06/19/17
harris,204.66.8.183,parkerdennis,Dr. Lydia Campbell,+44(0)5248445502,17|19|06
mclean,179.75.211.186,hollowaysandra,Jodie Baldwin,darren21@yahoo.com,2017-06-19 13:37:16.606704
rees,176.157.132.90,thumphreys,Luke Simpson,(07633) 71798,19|06|17
,204.66.8.183,thomasjanet,Billy Gibbons,02506 576765,2017-06-19 13:37:16.606532
,159.247.234.107,debra06,Shane Turner,,2017-06-19 13:37:16.606759
wilkinson,3.234.158.137,yhughes,Charlotte Stokes,(07988) 66183,2017-06-19 13:37:16.606611
harris,204.66.8.183,thomasjanet,Billy Gibbons,+44(0)2063 11242,2017-06-19 13:37:16.606532
,93.25.137.164,dean30,Gerard Harris,04805 56383,19|06|17
khan,159.247.234.107,hollowaysandra,Jodie Baldwin,,2017-06-19 13:37:16.606749
,176.157.132.90,colinwatson,Ian Hughes,,2017-06-19 13:37:16.606917
khan,159.247.234.107,gmartin,Beth Lowe,+44(0)731385383,2017-06-19 13:37:16.606745
mclean,179.75.211.186,debra06,Shane Turner,daveyjoe@humphries.com,2017-06-19 13:37:16.606721
,179.75.211.186,hollowaysandra,Jodie Baldwin,+44(0)865667854,2017-06-19 13:37:16.606704
fuller,108.81.77.236,hollowaysandra,Jodie Baldwin,,06\19\17
khan,159.247.234.107,colinwatson,Ian Hughes,kerry78@carter-hunt.com,2017-06-19 13:37:16.606786
,159.247.234.107,clarkedean,Owen Hyde,georginaball@dyer.info,19\06\17
rees,176.157.132.90,thumphreys,Luke Simpson,,19|06|17
fuller,108.81.77.236,yhughes,Charlotte Stokes,leahbooth@gmail.com,2017-06-19
khan,159.247.234.107,dean30,Gerard Harris,03315 49083,2017-06-19 13:37:16.606769
,159.247.234.107,gmartin,Beth Lowe,,2017-06-19 13:37:16.606745
khan,159.247.234.107,tonypearson,Victoria Abbott-Bell,,2017-06-19 13:37:16.606791
harris,204.66.8.183,shirley91,Cameron Williams,,17/06/19
stone,201.23.18.80,xlee,Terry Wilson-Ryan,pamela62@begum.net,2017-06-19
harris,204.66.8.183,ybrown,Cameron Yates,(04972) 67537,17/19/06
wilkinson,3.234.158.137,megan19,Miss Charlotte Jones,(08120) 072706,2017-06-19 13:37:16.606606
,41.127.22.111,megan19,Miss Charlotte Jones,(08120) 072706,2017-06-19 13:37:16.606846
,176.157.132.90,shirley91,Cameron Williams,boltonnicola@yahoo.com,2017-06-19 13:37:16.606878
hunt,41.127.22.111,megan19,Miss Charlotte Jones,+44(0)3350 60711,2017-06-19 13:37:16.606846
wilkinson,3.234.158.137,yhughes,Charlotte Stokes,leahbooth@gmail.com,2017-06-19 13:37:16.606611
buckley,93.25.137.164,thomasjanet,Billy Gibbons,02506 576765,2017-06-19 13:37:16.606822
wilkinson,3.234.158.137,davismelanie,Leon Green,+44(0)1300 995112,2017-06-19
khan,159.247.234.107,marilyn21,Declan Jones,aimeehooper@hotmail.com,2017-06-19 13:37:16.606740
,204.66.8.183,debra06,Shane Turner,daveyjoe@humphries.com,2017-06-19
fuller,108.81.77.236,shirley91,Cameron Williams,elliot49@yahoo.com,2017-06-19 13:37:16.606942
stone,201.23.18.80,yhughes,Charlotte Stokes,+44(0)5249 64762,2017-06-19 13:37:16.606412
fuller,108.81.77.236,shirley91,Cameron Williams,+44(0)1572 77167,2017-06-19 13:37:16.606942
wilkinson,3.234.158.137,dean30,Gerard Harris,,2017-06-19 13:37:16.606592
wilkinson,3.234.158.137,yhughes,Charlotte Stokes,+44(0)5249 64762,2017-06-19 13:37:16.606611
stone,201.23.18.80,hollowaysandra,Jodie Baldwin,+44(0)865667854,06\19\17
wilkinson,3.234.158.137,davismelanie,Leon Green,(09407) 73265,2017-06-19
harris,204.66.8.183,colinwatson,Ian Hughes,00804 25165,19\06\17
mclean,179.75.211.186,clarkederek,Sian Wells,anna83@yahoo.com,06|19|17
,93.25.137.164,garry33,Janet Nixon,+44(0)618199509,17/19/06
,204.66.8.183,marilyn21,Declan Jones,patricia05@harris.net,2017-06-19 13:37:16.606502
buckley,93.25.137.164,colinwatson,Ian Hughes,+44(0)2305046515,2017-06-19 13:37:16.606810
,3.234.158.137,dean30,Gerard Harris,03315 49083,2017-06-19 13:37:16.606592
harris,204.66.8.183,davismelanie,Leon Green,+44(0)1300 995112,2017-06-19
rees,176.157.132.90,thomasjanet,Billy Gibbons,,17|19|06
stone,201.23.18.80,lydiarussell,Robin Jones,uatkins@yahoo.com,2017-06-19 13:37:16.606417
harris,204.66.8.183,gmartin,Beth Lowe,+44(0)731385383,2017-06-19
mclean,179.75.211.186,xlee,Terry Wilson-Ryan,pamela62@begum.net,2017-06-19 13:37:16.606717
harris,204.66.8.183,megan19,Miss Charlotte Jones,judithmorrison@yahoo.com,2017-06-19
wilkinson,3.234.158.137,xlee,Terry Wilson-Ryan,pamela62@begum.net,2017-06-19
hunt,41.127.22.111,garry33,Janet Nixon,+44(0)8281 83887,2017-06-19 13:37:16.606841
khan,159.247.234.107,dean30,Gerard Harris,padams@bruce.com,2017-06-19 13:37:16.606769
harris,204.66.8.183,gmartin,Beth Lowe,+44(0)309999337,2017-06-19
wilkinson,3.234.158.137,parkerdennis,Dr. Lydia Campbell,+44(0)5248445502,19/06/17
,179.75.211.186,dean30,Gerard Harris,padams@bruce.com,2017-06-19 13:37:16.606708
fuller,108.81.77.236,megan19,Miss Charlotte Jones,judithmorrison@yahoo.com,2017-06-19 13:37:16.606937
,159.247.234.107,clarkederek,Sian Wells,+44(0)7223 40849,2017-06-19 13:37:16.606754
khan,159.247.234.107,tonypearson,Victoria Abbott-Bell,01222845474,2017-06-19 13:37:16.606791
harris,204.66.8.183,hollowaysandra,Jodie Baldwin,darren21@yahoo.com,2017-06-19 13:37:16.606519
fuller,108.81.77.236,tonypearson,Victoria Abbott-Bell,+44(0)889312701,19|17|06
stone,201.23.18.80,lydiarussell,Robin Jones,(04076) 88567,2017-06-19 13:37:16.606417
wilkinson,3.234.158.137,tonypearson,Victoria Abbott-Bell,01222845474,2017-06-19
buckley,93.25.137.164,tonypearson,Victoria Abbott-Bell,+44(0)889312701,06/19/17
fuller,108.81.77.236,yhughes,Charlotte Stokes,+44(0)5249 64762,2017-06-19
khan,159.247.234.107,yhughes,Charlotte Stokes,(07988) 66183,2017-06-19
,159.247.234.107,debra06,Shane Turner,daveyjoe@humphries.com,2017-06-19 13:37:16.606759
rees,176.157.132.90,megan19,Miss Charlotte Jones,+44(0)3350 60711,2017-06-19 13:37:16.606891
harris,204.66.8.183,thumphreys,Luke Simpson,(07633) 71798,2017-06-19 13:37:16.606473
stone,201.23.18.80,thumphreys,Luke Simpson,05114 482161,2017-06-19 13:37:16.606435
,204.66.8.183,megan19,Miss Charlotte Jones,(08120) 072706,2017-06-19
,3.234.158.137,colinwatson,Ian Hughes,kerry78@carter-hunt.com,2017-06-19 13:37:16.606565
mclean,179.75.211.186,xlee,Terry Wilson-Ryan,,2017-06-19 13:37:16.606717
stone,201.23.18.80,davismelanie,Leon Green,,2017-06-19 13:37:16.606449
fuller,108.81.77.236,megan19,Miss Charlotte Jones,(08120) 072706,2017-06-19 13:37:16.606937
coleman,145.98.2.9,yhughes,Charlotte Stokes,+44(0)5249 64762,2017-06-19 13:37:16.606626
stone,201.23.18.80,thumphreys,Luke Simpson,,2017-06-19 13:37:16.606435
harris,204.66.8.183,thomasjanet,Billy Gibbons,,2017-06-19 13:37:16.606532
wilkinson,3.234.158.137,colinwatson,Ian Hughes,00804 25165,2017-06-19 13:37:16.606565
harris,204.66.8.183,debra06,Shane Turner,lucyholloway@bradley-robinson.com,2017-06-19
,176.157.132.90,yhughes,Charlotte Stokes,leahbooth@gmail.com,2017-06-19 13:37:16.606887
,93.25.137.164,dean30,Gerard Harris,padams@bruce.com,19|06|17
wilkinson,3.234.158.137,clarkederek,Sian Wells,,17\19\06
stone,201.23.18.80,clarkederek,Sian Wells,+44(0)7223 40849,2017-06-19 13:37:16.606431
harris,204.66.8.183,shirley91,Cameron Williams,+44(0)1572 77167,17/06/19
coleman,145.98.2.9,gmartin,Beth Lowe,+44(0)731385383,2017-06-19
,108.81.77.236,tonypearson,Victoria Abbott-Bell,lloydbryan@wells.info,19|17|06
buckley,93.25.137.164,colinwatson,Ian Hughes,00804 25165,2017-06-19 13:37:16.606810
mclean,179.75.211.186,hollowaysandra,Jodie Baldwin,warnermax@chapman.com,2017-06-19 13:37:16.606704
wilkinson,3.234.158.137,garry33,Janet Nixon,+44(0)618199509,2017-06-19 13:37:16.606588
,201.23.18.80,shirley91,Cameron Williams,boltonnicola@yahoo.com,2017-06-19 13:37:16.606440
,159.247.234.107,clarkedean,Owen Hyde,annette39@brookes.com,19\06\17
rees,176.157.132.90,yhughes,Charlotte Stokes,(07988) 66183,2017-06-19 13:37:16.606887
